{
	"format_version": "1.8.0",
	"animations": {
		"animation.crow.attack": {
			"animation_length": 0.41667,
			"bones": {
				"body": {
					"rotation": {
						"0.0": {
							"vector": [0, 0, 0]
						},
						"0.125": {
							"vector": [7.5, 0, 0]
						},
						"0.3333": {
							"vector": [0, 0, 0]
						}
					}
				},
				"head": {
					"rotation": {
						"0.0": {
							"vector": [0, 0, 0]
						},
						"0.125": {
							"vector": [52.5, 0, 0]
						},
						"0.3333": {
							"vector": [0, 0, 0]
						}
					}
				},
				"tail": {
					"rotation": {
						"0.0": {
							"vector": [0, 0, 0]
						},
						"0.1667": {
							"vector": [15, 0, 0]
						},
						"0.375": {
							"vector": [0, 0, 0]
						}
					}
				}
			}
		},
		"animation.crow.fly": {
			"loop": true,
			"animation_length": 0.79167,
			"bones": {
				"WingL": {
					"rotation": {
						"0.0": {
							"vector": [-56.78151, 35.61944, 92.5319]
						},
						"0.125": {
							"vector": [-82.25148, 26.51694, 51.66078]
						},
						"0.2917": {
							"vector": [-95.08717, 1.88572, 1.7797]
						},
						"0.3333": {
							"vector": [-95.08717, 1.88572, 1.7797]
						},
						"0.5833": {
							"vector": [-50.82602, 33.95746, 101.36938]
						},
						"0.75": {
							"vector": [-56.78151, 35.61944, 92.5319]
						}
					},
					"position": {
						"0.0": {
							"vector": [-0.325, -1.93, 2.455]
						},
						"0.25": {
							"vector": [0.35, -2.08, 2.355]
						},
						"0.3333": {
							"vector": [0.35, -2.08, 2.355]
						},
						"0.5833": {
							"vector": [-0.325, -1.93, 2.455]
						},
						"0.75": {
							"vector": [-0.325, -1.93, 2.455]
						}
					}
				},
				"WingR": {
					"rotation": {
						"0.0": {
							"vector": [-56.78151, -35.61944, -92.5319]
						},
						"0.125": {
							"vector": [-82.25148, -26.51694, -51.66078]
						},
						"0.2917": {
							"vector": [-95.08717, -1.88572, -1.7797]
						},
						"0.3333": {
							"vector": [-95.08717, -1.88572, -1.7797]
						},
						"0.5833": {
							"vector": [-50.82602, -33.95746, -101.36938]
						},
						"0.75": {
							"vector": [-56.78151, -35.61944, -92.5319]
						}
					},
					"position": {
						"0.0": {
							"vector": [0.325, -1.93, 2.455]
						},
						"0.25": {
							"vector": [-0.35, -2.08, 2.355]
						},
						"0.3333": {
							"vector": [-0.35, -2.08, 2.355]
						},
						"0.5833": {
							"vector": [0.325, -1.93, 2.455]
						},
						"0.75": {
							"vector": [0.325, -1.93, 2.455]
						}
					}
				},
				"body": {
					"rotation": {
						"0.0": {
							"vector": [15, 0, 0]
						},
						"0.7917": {
							"vector": [15, 0, 0]
						}
					},
					"position": {
						"0.0": {
							"vector": [0, 0.475, 0.225]
						},
						"0.3333": {
							"vector": [0, 0.945, 0.23]
						},
						"0.7917": {
							"vector": [0, 0.475, 0.225]
						}
					}
				},
				"head": {
					"rotation": {
						"0.0": {
							"vector": [0, 0, 0]
						},
						"0.0417": {
							"vector": [0, 0, 0]
						},
						"0.375": {
							"vector": [-5, 0, 0]
						},
						"0.7917": {
							"vector": [0, 0, 0]
						}
					}
				},
				"legL": {
					"rotation": {
						"0.0": {
							"vector": [40, 0, 0]
						},
						"0.2917": {
							"vector": [22.5, 0, 0]
						},
						"0.3333": {
							"vector": [22.5, 0, 0]
						},
						"0.7917": {
							"vector": [40, 0, 0]
						}
					}
				},
				"legR": {
					"rotation": {
						"0.0": {
							"vector": [40, 0, 0]
						},
						"0.3333": {
							"vector": [17.5, 0, 0]
						},
						"0.375": {
							"vector": [17.5, 0, 0]
						},
						"0.7917": {
							"vector": [40, 0, 0]
						}
					}
				},
				"tail": {
					"rotation": {
						"0.0": {
							"vector": [27.5, 0, 0]
						},
						"0.2917": {
							"vector": [10, 0, 0]
						},
						"0.3333": {
							"vector": [10, 0, 0]
						},
						"0.7917": {
							"vector": [27.5, 0, 0]
						}
					}
				}
			}
		},
		"animation.crow.sitting": {
			"loop": "hold_on_last_frame",
			"bones": {
				"body": {
					"rotation": {
						"vector": [7.5, 0, 0]
					},
					"position": {
						"vector": [0, -1.35, 0]
					}
				},
				"head": {
					"rotation": {
						"vector": [-5, 0, 0]
					}
				},
				"WingL": {
					"rotation": {
						"vector": [5, 0, 0]
					}
				},
				"WingR": {
					"rotation": {
						"vector": [5, 0, 0]
					}
				},
				"legL": {
					"rotation": {
						"vector": [-7.5, 0, 0]
					},
					"position": {
						"vector": [0, 1.375, 0]
					}
				},
				"legR": {
					"rotation": {
						"vector": [-7.5, 0, 0]
					},
					"position": {
						"vector": [0, 1.35, 0]
					}
				},
				"tail": {
					"rotation": {
						"vector": [15, 0, 0]
					},
					"position": {
						"vector": [0, 0, 0]
					}
				}
			}
		},
		"animation.crow.walk": {
			"loop": true
		},
		"animation.crow.idle": {
			"loop": true
		}
	},
	"geckolib_format_version": 2
}